{
  "baseline": {
    "accuracy": {
      "mean": 0.882,
      "std": 0.004
    },
    "precision": {
      "mean": 0.879,
      "std": 0.005
    },
    "recall": {
      "mean": 0.881,
      "std": 0.004
    },
    "f1_score": {
      "mean": 0.880,
      "std": 0.004
    },
    "roc_auc": {
      "mean": 0.945,
      "std": 0.003
    }
  },
  "main_model": {
    "accuracy": {
      "mean": 0.925,
      "std": 0.003
    },
    "precision": {
      "mean": 0.923,
      "std": 0.003
    },
    "recall": {
      "mean": 0.924,
      "std": 0.003
    },
    "f1_score": {
      "mean": 0.923,
      "std": 0.003
    },
    "roc_auc": {
      "mean": 0.972,
      "std": 0.002
    }
  },
  "ensemble": {
    "accuracy": {
      "mean": 0.931,
      "std": 0.002
    },
    "precision": {
      "mean": 0.930,
      "std": 0.002
    },
    "recall": {
      "mean": 0.931,
      "std": 0.002
    },
    "f1_score": {
      "mean": 0.930,
      "std": 0.002
    },
    "roc_auc": {
      "mean": 0.978,
      "std": 0.001
    }
  }
}
